"PAR","Tair","VPD","Tleaf_pm","dTleaf","E_off","E_on","dE","A_off","A_on","dA","relA_pct","gs_off","gs_on","dgs","profit_off","profit_on"
200,15,0.5,15.6617688701153,0.66176887011533,8.94177099836635e-06,9.14897523578206e-06,2.07204237415715e-07,8.40414539988168,8.37643087233323,-0.0277145275484489,-0.329772109235986,0.0601993442274399,0.0615943205935146,0.00139497636607465,7.14756167693994,7.09211109051786
500,15,0.5,18.6191808202445,3.61918082024448,1.57605649705583e-05,1.6930663213206e-05,1.17009824264769e-06,14.2506314667572,14.7162712107572,0.465639743999994,3.26750253198396,0.106106013680614,0.113983552358571,0.00787753867795762,12.067514582778,12.3756615802874
1000,15,0.5,23.7503351108637,8.75033511086367,2.02813035908289e-05,2.67693431049432e-05,6.48803951411425e-06,16.5853056674535,18.8382938097684,2.25298814231492,13.5842425065226,0.136541315637426,0.180221222463798,0.0436799068263719,13.8032961619156,15.2583674321835
2000,15,0.5,31.8556620315633,16.8556620315633,2.26199121079185e-05,7.98555596321626e-05,5.72356475242441e-05,17.4409081831558,17.8656969481467,0.424788764990879,2.435588562992,0.152285702197898,0.537617472383233,0.385331770185335,14.3616805260025,10.9212106399784
200,25,0.5,25.6476235253322,0.647623525332218,8.99606579540746e-06,9.36806833522541e-06,3.72002539817951e-07,6.9812498509902,6.89936257088419,-0.0818872801060078,-1.17296016979529,0.0605648770930696,0.0630693372220613,0.00250446012899169,5.71740460410314,5.58562751678573
500,25,0.5,28.4026389347672,3.40263893476715,1.83279562590877e-05,2.0284617010442e-05,1.95666075135437e-06,14.2992635337825,13.4971608664795,-0.802102667303027,-5.60939845194147,0.123390651362897,0.136563622816608,0.0131729714537112,11.7726612473471,10.7147231430248
1000,25,0.5,30.3229207472147,5.32292074721472,2.66140634653311e-05,7.98555596321626e-05,5.32414961668315e-05,18.6654848877076,18.1098398035189,-0.555645084188708,-2.97685855755419,0.179175821896257,0.537617472383233,0.358441650486976,15.1036407859062,11.1653534953507
2000,25,0.5,46.8822098387148,21.8822098387148,3.32526219051699e-05,2.00083389343492e-06,-3.1251788011735e-05,20.7094994008341,0.725684082111425,-19.9838153187227,-96.495887862542,0.223869078385026,0.0134703615553142,-0.210398716829712,16.4240700976576,0.321818147263075
200,35,0.5,35.7454574152798,0.745457415279773,7.59990899013796e-06,7.85274788826118e-06,2.5283889812322e-07,4.79162103239738,4.66965446511417,-0.12196656728321,-2.54541347194536,0.0511654276851998,0.052867633642497,0.00170220595729718,3.7129601081245,3.55778635731534
500,35,0.5,38.8721239085815,3.87212390858148,1.42324839351404e-05,1.30129018538161e-05,-1.21958208132433e-06,8.97038742570426,5.50326624831502,-3.46712117738925,-38.6507406297119,0.0958184010504811,0.0876077186766343,-0.00821068237384681,6.99464720729253,3.69391755082916
1000,35,0.5,45.285353140952,10.285353140952,1.81773870664692e-05,2.9938987400252e-06,-1.5183488326444e-05,10.4397379389858,1.14745437601843,-9.29228356296741,-89.0087818034837,0.122376963284982,0.0201560452471668,-0.102220918037815,7.93304129092538,0.635946428318149
2000,35,0.5,57.0079045804969,22.0079045804969,1.9502687027172e-05,5.39848782282748e-08,-1.94487021489437e-05,10.8324893230571,0.00815167746868203,-10.8243376455884,-99.9247478836528,0.131299377933437,0.000363446376353643,-0.130935931557084,8.15157965235655,-0.207836585497651
200,40,0.5,40.8503248948586,0.850324894858616,5.9476858517532e-06,6.22848623299421e-06,2.80800381241008e-07,3.28850702161497,3.00805169325302,-0.280455328361955,-8.52834816889716,0.0400420440214562,0.0419324971333299,0.00189045311187373,2.42285126947965,2.10678794032198
500,40,0.5,44.4770747104142,4.47707471041419,7.99485082906726e-06,3.64299619110664e-06,-4.35185463796062e-06,4.10362153395124,1.43003123394681,-2.67359030000443,-65.1519707137836,0.0538243237490631,0.024526011879274,-0.029298311869789,2.97301846222366,0.84450459608638
1000,40,0.5,50.4295839934482,10.4295839934482,8.24724021185608e-06,7.59949338772492e-07,-7.48729087308359e-06,4.19071912574173,0.236029145415468,-3.95468998032626,-94.3678128184338,0.0555235034011288,0.00511626296944294,-0.0504072404316858,3.02669363907692,-0.0435041140591905
2000,40,0.5,62.011257114695,22.011257114695,8.32622085162993e-06,2.05845863715526e-09,-8.32416239299277e-06,4.21760428739513,-0.0371458856617987,-4.25475017305693,-100.880734254108,0.0560552305860363,1.38583128665111e-05,-0.0560413722731698,3.04308858821223,-0.248726942647879
200,15,1,15.3797129135311,0.379712913531135,1.32480552830117e-05,1.35176572786733e-05,2.69601995661616e-07,7.95925745851957,7.9619089301522,0.0026514716326389,0.033313052711981,0.0445954297237023,0.0455029604211561,0.000907530697453765,6.11781725221649,6.08364386245439
500,15,1,18.0164125103057,3.0164125103057,2.47996943685425e-05,2.62667648986437e-05,1.4670705301012e-06,13.6427893179072,14.0210244923385,0.378235174431259,2.77241820288756,0.0834804055203352,0.0884188390735782,0.004938433553243,10.2960262877102,10.4998109823869
1000,15,1,22.4619905578892,7.46199055788921,3.34944846235263e-05,4.67241342811264e-05,1.32296496576001e-05,16.0139174499279,18.4479910706886,2.43407362076068,15.1997387795429,0.112748694298967,0.157282167248107,0.0445334729491398,11.7040534720182,13.003072808281
2000,15,1,31.8556620315633,16.8556620315633,3.84456786930143e-05,7.98555596321626e-05,4.14098809391483e-05,16.9325046075657,16.707265016732,-0.225239590833681,-1.3302201656159,0.129415338757902,0.268808736191616,0.139393397433715,12.1522442365946,9.76277870856379
200,25,1,25.399282699006,0.399282699006026,1.26692087985514e-05,1.32145466072209e-05,5.453378086695e-07,6.47036561158118,6.46664423335705,-0.00372137822413343,-0.0575141877218284,0.0426469242889717,0.0444826332592826,0.00183570897031084,4.70792594354568,4.6297784498428
500,25,1,27.56628454294,2.56628454294003,2.84010179727345e-05,3.32386650557903e-05,4.83764708305579e-06,13.5862055955543,13.3287922931932,-0.257413302361039,-1.89466662012881,0.0956031337451339,0.111887557829409,0.0162844240842755,9.81963543503781,9.04477753129228
1000,25,1,30.3229207472147,5.32292074721472,5.16845397896293e-05,7.98555596321626e-05,2.81710198425333e-05,18.572587286409,17.1823663357453,-1.39022095066365,-7.48533809116074,0.173979819132091,0.268808736191616,0.0948289170595254,12.7964005328067,10.2378800275771
2000,25,1,46.8596312765365,21.8596312765365,7.98555596321626e-05,2.35054662539452e-06,-7.75050130067681e-05,21.2672035758672,0.615880249777191,-20.65132332609,-97.1040844764562,0.268808736191616,0.00791237918364406,-0.260896357007972,14.322717267699,0.174890399833441
200,35,1,35.5811673735207,0.581167373520728,1.00796416171695e-05,1.03973881927971e-05,3.17746575627665e-07,4.30767592931408,4.24689357303462,-0.0607823562794554,-1.41102434994765,0.0339299572485178,0.0349995515988313,0.00106959435031353,2.89788098121257,2.79408673255472
500,35,1,34.5565501050404,-0.443449894959571,1.9863114663552e-05,7.98555596321626e-05,5.99924449686107e-05,8.15863419469508,10.6443244435701,2.48569024887505,30.466989811742,0.0668629557432602,0.268808736191616,0.201945780448356,5.4308281398837,3.6998381354019
1000,35,1,45.2518430013236,10.2518430013236,2.5461412596004e-05,3.51292747114096e-06,-2.1948485124863e-05,9.46938680605954,0.980639711784633,-8.48874709427491,-89.6441054540394,0.0857078727281068,0.0118251703225167,-0.0738827024055901,6.04334166580823,0.410135370384871
2000,35,1,57.0091846216907,22.0091846216907,2.72214139433657e-05,3.41586953481188e-08,-2.71872552480176e-05,9.80953060503884,0.00368400467415174,-9.80584660036469,-99.9624446385614,0.091632366151722,0.00011498455171785,-0.0915173816000041,6.17729986974882,-0.210617395446901
200,40,1,40.7392243864421,0.739224386442061,7.66497585950487e-06,7.94928944507112e-06,2.84313585566244e-07,2.90181154146877,2.7076704182055,-0.194141123263275,-6.69034223928301,0.0258017410838218,0.0267587937420238,0.000957052658201993,1.81461859808939,1.58308065953784
500,40,1,44.4367566380232,4.43675663802323,9.7903423833573e-06,4.26747099742331e-06,-5.52287138593399e-06,3.51640453879115,1.22637332718671,-2.29003121160443,-65.1242252232927,0.0329561219666607,0.0143651048322216,-0.0185910171344391,2.14571980582676,0.567404943351837
1000,40,1,50.4217725583618,10.4217725583618,1.00146398194922e-05,8.80938367348316e-07,-9.13370145214393e-06,3.57570934893879,0.195015152213538,-3.38069419672525,-94.5461128636919,0.0337111490507633,0.00296540316391737,-0.0307457458868459,2.17470588272923,-0.0960150649947146
2000,40,1,62.011257114695,22.011257114695,1.00796416171695e-05,2.05845863715526e-09,-1.00775831585323e-05,3.59359970220339,-0.0371458856617987,-3.63074558786519,-101.033667874556,0.0339299572485178,6.92915643325556e-06,-0.0339230280920846,2.18380475410188,-0.248726942647879
200,15,2,14.9356981652306,-0.0643018347693598,1.99052275197076e-05,2.03948715774616e-05,4.89644057753983e-07,7.33393841525415,7.40156034907659,0.0676219338224398,0.922041200697707,0.0335023577433182,0.0343264744419855,0.000824116698667346,4.60066195558762,4.60488641467874
500,15,2,16.7171986548446,1.71719865484462,4.54166590751925e-05,4.63899075153251e-05,9.73248440132581e-07,13.362986047402,13.5650580254969,0.202071978094972,1.51217682468702,0.0764404806896561,0.0780785487490222,0.00163806805936612,8.01341141051481,8.14417650121998
1000,15,2,20.3229207472147,5.32292074721472,7.98555596321626e-05,7.98555596321626e-05,0,16.5435220764757,17.765760758459,1.22223868198335,7.38801977192832,0.134404368095808,0.134404368095808,0,9.59903576830742,10.8212744502908
2000,15,2,31.8556620315633,16.8556620315633,7.98555596321626e-05,7.98555596321626e-05,0,17.0596137395261,14.5035644934995,-2.55604924602661,-14.983042905036,0.134404368095808,0.134404368095808,0,10.1151274313579,7.55907818533127
200,25,2,25.0548926867819,0.0548926867819439,1.75486329355912e-05,1.85487025682396e-05,1.00006963264843e-06,5.72132612139733,5.83957093419153,0.118244812794204,2.06673785561668,0.0295359888718814,0.0312191995042665,0.0016832106323851,3.29813814323321,3.28382713106751
500,25,2,24.5565501050404,-0.443449894959571,7.98555596321626e-05,7.98555596321626e-05,0,14.4966599153039,14.5911538321757,0.0944939168718459,0.651832335337401,0.134404368095808,0.134404368095808,0,7.55217360713562,7.64666752400747
1000,25,2,30.3229207472147,5.32292074721472,7.98555596321626e-05,7.98555596321626e-05,0,17.6112614400598,15.2585918735765,-2.35266956648337,-13.3588929702209,0.134404368095808,0.134404368095808,0,10.6667751318916,8.31410556540823
2000,25,2,46.8557676903029,21.8557676903029,7.98555596321626e-05,2.41038858017711e-06,-7.74451710519855e-05,18.4498050232112,0.452325591510868,-17.9974794317003,-97.548344869001,0.134404368095808,0.00405690919300222,-0.130347458902806,11.505318715043,0.00490447936912314
200,35,2,35.4155902598761,0.415590259876062,1.25500293620484e-05,1.29619635765377e-05,4.11934214489262e-07,3.57077530185155,3.57098830892176,0.000213007070207549,0.00596528910954153,0.0211228720174242,0.0218161957891253,0.000693323771701088,1.82461361300955,1.76858992860493
500,35,2,34.5565501050404,-0.443449894959571,2.75182038931499e-05,7.98555596321626e-05,5.23373557390128e-05,7.09945624468695,9.89846306323134,2.79900681854439,39.4256506706284,0.0463157082916589,0.134404368095808,0.0880886598041493,3.43315007664558,2.9539767550631
1000,35,2,45.2458260742653,10.2458260742653,3.8367531664798e-05,3.60612189082732e-06,-3.47614097739707e-05,8.55051878620764,0.725573196865647,-7.82494558934199,-91.5142786653363,0.064576140628863,0.00606944007713018,-0.0585067005517328,3.77724789310127,0.1443145527378
2000,35,2,57.011257114695,22.011257114695,7.98555596321626e-05,2.05845863715526e-09,-7.98535011735255e-05,10.8914289456847,0.000137312532527842,-10.8912916331522,-99.9987392606313,0.134404368095808,3.46457821662778e-06,-0.134400903517592,3.94694263751651,-0.211443744453553
200,40,2,40.6615541802401,0.661554180240067,9.00477268146849e-06,9.15230050433591e-06,1.47527822867423e-07,2.30415690125566,2.176828497398,-0.127328403857665,-5.52603009752837,0.0151558737760284,0.0154041768860483,0.000248303110019908,1.03914678720973,0.892063022330243
500,40,2,44.4294146427165,4.42941464271647,1.06218888042431e-05,4.38118901084195e-06,-6.24069979340114e-06,2.65521003178586,0.910327154272826,-1.74488287751303,-65.7154370699424,0.0178776313044989,0.0073739504578382,-0.0105036808466607,1.1719538895124,0.237747534334941
1000,40,2,50.4230245355696,10.4230245355696,1.07464279830755e-05,8.61546859322604e-07,-9.88488112375285e-06,2.68326389860514,0.135515812693181,-2.54774808591196,-94.9495905802025,0.0180872423786839,0.00145006386212269,-0.0166371785165612,1.18308176187589,-0.153661223999041
2000,40,2,62.011257114695,22.011257114695,1.07865547058977e-05,2.05845863715526e-09,-1.07844962472606e-05,2.69235798876715,-0.0371458856617987,-2.72950387442895,-101.379678550058,0.0181547794023993,3.46457821662778e-06,-0.0181513148241826,1.18671738694837,-0.248726942647879
200,15,3,14.5518534760646,-0.448146523935415,2.54300856418954e-05,2.63401294657428e-05,9.10043823847407e-07,6.88264178168647,7.02530829294723,0.142666511260757,2.07284522115285,0.0285341401155213,0.0295552659719811,0.0010211258564598,3.46032977065002,3.4954931391149
500,15,3,14.6983776800668,-0.301622319933225,7.98555596321626e-05,7.76588338912565e-05,-2.19672574090612e-06,13.8440160572273,13.7295062650058,-0.114509792221483,-0.827142873485063,0.0896029120638722,0.0871380489498007,-0.0024648631140715,6.89952974905903,6.84289542881048
1000,15,3,20.3229207472147,5.32292074721472,7.98555596321626e-05,7.98555596321626e-05,0,15.118933438481,15.8557017209906,0.736768282509614,4.87314985218717,0.0896029120638722,0.0896029120638722,0,8.17444713031276,8.91121541282238
2000,15,3,31.8556620315633,16.8556620315633,7.98555596321626e-05,7.98555596321626e-05,0,15.3849499731455,12.6352498003147,-2.74970017283087,-17.8726624241904,0.0896029120638722,0.0896029120638722,0,8.44046366497729,5.69076349214642
200,25,3,24.8156262872578,-0.184373712742158,2.06101114135193e-05,2.2254629703149e-05,1.64451828962964e-06,5.10795318573349,5.33504090409656,0.227087718363075,4.44576741614098,0.0231258287978786,0.0249710807549354,0.0018452519570568,2.28356015017868,2.30157967974613
500,25,3,24.5565501050404,-0.443449894959571,7.98555596321626e-05,7.98555596321626e-05,0,13.3719641123844,13.4674701616374,0.0955060492530411,0.714226036282798,0.0896029120638722,0.0896029120638722,0,6.42747780421613,6.52298385346917
1000,25,3,30.3229207472147,5.32292074721472,7.98555596321626e-05,7.98555596321626e-05,0,15.493847489997,13.4254130295283,-2.06843446046876,-13.3500375668739,0.0896029120638722,0.0896029120638722,0,8.54936118182882,6.48092672136006
2000,25,3,46.8732479182288,21.8732479182288,7.98555596321626e-05,2.13964245316556e-06,-7.77159171789971e-05,15.8692875596858,0.327095013929284,-15.5421925457566,-97.9388172739384,0.0896029120638722,0.00240081210954165,-0.0872020999543305,8.92480125151761,-0.0914135184296871
200,35,3,35.3817414634022,0.381741463402207,1.31267899450316e-05,1.34862376642741e-05,3.59447719242568e-07,2.93251681809405,2.94418643698248,0.0116696188884267,0.397938685855898,0.0147290759784728,0.0151323987092533,0.000403322730780531,1.10762808642076,1.07021345526418
500,35,3,34.5565501050404,-0.443449894959571,3.24611041502787e-05,7.98555596321626e-05,4.73944554818839e-05,6.31525357045508,9.16483722316574,2.84958365271066,45.1222365170258,0.0364233808400004,0.0896029120638722,0.0531795312238718,2.11074702884963,2.2203509149975
1000,35,3,45.2707396943646,10.2707396943646,7.98555596321626e-05,3.22024213111782e-06,-7.66353175010448e-05,9.60257126829867,0.528714601217519,-9.07385666708115,-94.494030958531,0.0896029120638722,0.00361331225813253,-0.0859895998057396,2.65808496013044,-0.0083241363820381
2000,35,3,57.011257114695,22.011257114695,7.98555596321626e-05,2.05845863715526e-09,-7.98535011735255e-05,9.73894788747707,9.17681394345671e-05,-9.73885611933764,-99.9990577201922,0.0896029120638722,2.30971881108519e-06,-0.0896006023450611,2.79446157930884,-0.211489288846646
200,40,3,40.6962183035444,0.696218303544406,8.79427821557865e-06,8.6153980582887e-06,-1.7888015728995e-07,1.78731531509292,1.66152383233525,-0.125791482757667,-7.03801291777815,0.0098677279483788,0.00966701326955802,-0.000200714678820779,0.550438394730618,0.44851291408721
500,40,3,44.4587206178494,4.45872061784938,9.76759075741629e-06,3.92727735138598e-06,-5.84031340603031e-06,1.97243994264299,0.665889188097706,-1.30655075454529,-66.2403313935409,0.0109598452473955,0.00440664981608802,-0.00655319543130744,0.604828815266243,0.0472103976414955
1000,40,3,50.4321734204521,10.4321734204521,9.84991493291787e-06,7.19842462852394e-07,-9.13007247006548e-06,1.98835514299586,0.0916527900169297,-1.89670235297893,-95.3905221439045,0.0110522181002335,0.000807708081890721,-0.0102445100183428,0.609620787041884,-0.184104513903102
2000,40,3,62.011257114695,22.011257114695,9.87804570301787e-06,2.05845863715526e-09,-9.87598724438071e-06,1.99377242199879,-0.0371458856617987,-2.03091830766059,-101.863095569582,0.0110837825765351,2.30971881108519e-06,-0.011081472857724,0.611236153390549,-0.248726942647879
